순위,영화명,개봉일,매출액 ,매출액 점유율,누적매출액 ,관객수 ,누적관객수 ,스크린수 ,상영횟수 ,대표국적 ,국적 ,배급사 
1,극장판 귀멸의 칼날: 무한성편,2025-08-22,15434624000,43.40%,49483541980,1409431,4563381,1761,72728,일본,일본,(주)씨제이이엔엠
2,얼굴,2025-09-11,4503173060,12.70%,4503173060,433547,433547,985,22063,한국,한국,메가박스중앙(주) 플러스엠 엔터테인먼트
3,컨저링: 마지막 의식,2025-09-03,4036148990,11.30%,4039685990,383858,384203,918,23653,미국,미국,워너브러더스 코리아(주)
4,살인자 리포트,2025-09-05,3191538400,9.00%,3199620400,319058,319956,841,24212,한국,한국,"소니픽쳐스엔터테인먼트코리아주식회사극장배급지점,주식회사 에이투지엔터테인먼트"
5,F1 더 무비,2025-06-25,2706241310,7.60%,53847001410,302656,5063856,730,20435,미국,미국,워너브러더스 코리아(주)
6,좀비딸,2025-07-30,2105202280,5.90%,52802586890,242667,5592431,762,20872,한국,한국,(주)넥스트엔터테인먼트월드(NEW)
7,첫사랑 엔딩,2025-08-27,693369840,1.90%,1297839460,69637,133979,452,5406,중국,중국,(주)바이포엠스튜디오
8,건국전쟁2,2025-09-10,276885250,0.80%,276885250,28049,28049,379,3675,한국,한국,다큐스토리프로덕션
9,긴키 지방의 어느 장소에 대하여,2025-08-13,226516550,0.60%,2784490140,21836,272404,268,2304,일본,일본,(주)바이포엠스튜디오
10,악마가 이사왔다,2025-08-13,164468700,0.50%,4127917010,19179,436437,293,1812,한국,한국,(주)씨제이이엔엠
11,아기돼지 3형제: 도넛별 대모험,2025-09-04,132785660,0.40%,158094360,15675,18137,281,1303,중국,중국,와이드 릴리즈(주)
12,노바디2,2025-08-27,127680700,0.40%,532043200,13472,59520,300,2990,미국,미국,유니버설픽쳐스인터내셔널 코리아(유)
13,이티,1984-06-23,114665100,0.30%,175980600,11575,19614,126,1452,미국,미국,"유니버설픽쳐스인터내셔널 코리아(유),UIP코리아"
14,곤지암,2018-03-28,123239000,0.30%,21583920144,11242,2689358,58,602,한국,한국,"(주)쇼박스,씨제이포디플렉스 주식회사"
15,귀시,2025-09-17,106892600,0.30%,108832600,10988,11182,618,1435,한국,한국,"(주)바이포엠스튜디오,(주)제리굿컴퍼니"
16,토이 스토리,1995-12-30,100802300,0.30%,112153378,10832,12164,68,681,미국,미국,월트디즈니컴퍼니코리아 유한책임회사
17,엔하이픈 브이알콘서트 : 이머전,2025-08-08,340538000,1.00%,915764000,10390,28112,1,142,한국,한국,(주)어메이즈브이알코리아
18,킹 오브 킹스,2025-07-16,97639750,0.30%,12326097326,10355,1306607,86,554,한국,한국,(주)디스테이션
19,프리키 프라이데이 2,2025-08-27,79870900,0.20%,284578250,8409,30964,342,1455,미국,미국,월트디즈니컴퍼니코리아 유한책임회사
20,독립군: 끝나지 않은 전쟁,2025-08-13,76227900,0.20%,448637920,8206,49400,58,369,한국,한국,주식회사 블루필름웍스
21,은혼 진선조 동란편 온 씨어터,2025-09-10,72001200,0.20%,72001200,6415,6415,24,280,일본,일본,에스엠지홀딩스 주식회사
22,머티리얼리스트,2025-08-08,46118480,0.10%,590423400,5305,63686,70,610,미국,미국,소니픽쳐스엔터테인먼트코리아주식회사극장배급지점
23,스머프,2025-08-06,42730990,0.10%,1689359830,5051,191328,80,344,미국,미국,롯데컬처웍스(주)롯데엔터테인먼트
24,너의 이름은.,2017-01-04,70823700,0.20%,32064172687,4284,3935536,49,55,일본,일본,메가박스중앙(주) 플러스엠 엔터테인먼트
25,괴물의 아이,2015-11-25,44270700,0.10%,1716771616,4136,230198,92,674,일본,일본,"와이드 릴리즈(주),CGV아트하우스,(주)리틀빅픽쳐스"
26,챌린저스,2024-04-24,44171440,0.10%,924416212,3886,92660,180,251,미국,미국,"찬란,워너브러더스 코리아(주)"
27,킹 오브 프리즘 -유어 엔드리스 콜- 모두 빛나라! 프리즘 투어즈,2025-07-18,37798240,0.10%,266927790,3878,28110,18,209,일본,일본,동우에이앤이(주)
28,배드 가이즈 2,2025-07-30,34337860,0.10%,3599728290,3850,398829,59,254,미국,미국,유니버설픽쳐스인터내셔널 코리아(유)
29,더 로즈: 완벽한 이혼,2025-09-17,35914400,0.10%,35914400,3704,3704,167,462,미국,미국,월트디즈니컴퍼니코리아 유한책임회사
30,날씨의 아이,2019-10-30,63361900,0.20%,7339816092,3657,870306,48,49,일본,일본,"메가박스중앙(주) 플러스엠 엔터테인먼트,(주)미디어캐슬,워터홀컴퍼니(주)"
31,개비의 매직하우스 극장판,2025-10-03,30040000,0.10%,30040000,3004,3004,13,12,미국,미국,유니버설픽쳐스인터내셔널 코리아(유)
32,빌리브,,5352000,0.00%,5352000,2656,2656,38,65,한국,한국,씨제이 씨지브이(CJ CGV)(주)
33,신입기자 토롯코,2025-09-03,23203600,0.10%,23203600,2636,2636,57,434,일본,일본,TCO(주)더콘텐츠온
34,발레리나,2025-08-06,21348500,0.10%,3216516670,2112,323095,45,229,미국,미국,판씨네마(주)
35,명탐정 코난: 척안의 잔상,2025-07-16,21247360,0.10%,7271015540,2066,738703,28,211,일본,일본,(주)씨제이이엔엠
36,초속5센티미터 X 특별영상 '어느 봄의 기억',2025-09-17,32455100,0.10%,32455100,1984,1984,58,90,일본,일본,(주)미디어캐슬
37,썸머 블루 아워,2025-09-17,23730700,0.10%,23730700,1765,1765,67,86,대만,대만,(주)누리픽쳐스
38,식스데이즈,2025-08-13,38324000,0.10%,1027874000,1742,46901,26,204,한국,한국,"씨지브이 아이스콘,씨제이포디플렉스 주식회사"
39,메이크 어 걸,2025-09-10,17083200,0.00%,17083200,1624,1624,78,468,일본,일본,(주)바이포엠스튜디오
40,아이 캔 스피크,2017-09-21,8379000,0.00%,25597423886,1544,3290166,4,39,한국,한국,"(주)마노엔터테인먼트,롯데쇼핑㈜롯데엔터테인먼트,(주)리틀빅픽쳐스"
41,대가족,2024-12-11,8601000,0.00%,3106029600,1423,355713,5,17,한국,한국,롯데컬처웍스(주)롯데엔터테인먼트
42,킬러들의 비행,2025-09-03,11961800,0.00%,11961800,1251,1251,28,200,미국,미국,(주)누리픽쳐스
43,가족의 비밀,2025-09-10,11821000,0.00%,11821000,1243,1243,31,174,한국,한국,(주)스튜디오디에이치엘
44,브레드이발소: 베이커리타운의 악당들,2025-09-27,7816000,0.00%,7816000,1154,1154,86,14,한국,한국,씨제이 씨지브이(CJ CGV)(주)
45,극장판 진격의 거인 완결편 더 라스트 어택,2025-03-13,10421020,0.00%,9768113170,1070,948991,11,79,일본,일본,(주)애니플러스
46,일식,,1879000,0.00%,18837000,912,6788,1,12,이탈리아,"이탈리아,프랑스",
47,알사탕,,4210000,0.00%,669895000,842,133977,6,9,일본,일본,롯데컬처웍스(주)롯데시네마
48,길 위의 뭉치,,10000000,0.00%,38008000,800,3723,1,4,한국,한국,
49,수상한 그녀,2014-01-22,5460000,0.00%,62750327849,780,8664934,4,5,한국,한국,(주)씨제이이엔엠
50,국제시장,2014-12-17,4632000,0.00%,1.10972E+11,772,14268383,2,5,한국,한국,(주)씨제이이엔엠
51,갈릴리 예수,2020-11-26,6267100,0.00%,158489630,764,18188,27,85,미국,미국,"길갈,(재)CBS,주식회사 블루필름웍스"
52,해밀턴 부인,,1405000,0.00%,9907000,700,4646,1,12,영국,영국,
53,고고다이노 극장판: 게코도마뱀의 꿈,2025-07-30,5781200,0.00%,584378200,602,63593,16,84,한국,한국,(주)모꼬지
54,백! 스테이지,,3198000,0.00%,30750000,526,6032,3,3,한국,한국,씨제이 씨지브이(CJ CGV)(주)
55,로미오와 줄리엣,,1033000,0.00%,8070000,504,4010,1,6,영국,"영국,이탈리아",
56,헤어질 결심,2022-06-29,4184000,0.00%,19789714678,428,1909308,1,19,한국,한국,(주)씨제이이엔엠
57,엘리오,2025-06-18,3068000,0.00%,5617861750,348,614755,1,4,미국,미국,월트디즈니컴퍼니코리아 유한책임회사
58,미드웨이,2019-12-31,2526000,0.00%,8247347929,336,960606,1,5,미국,미국,(주)누리픽쳐스
59,우리는 공산당이 싫어요,2025-05-09,3329000,0.00%,94968100,333,10948,3,6,한국,한국,주식회사 킨스튜디오
60,제로니모족의 역습,,648000,0.00%,1931000,324,963,1,19,미국,미국,
61,모래시계 요양원,,2243000,0.00%,2777000,296,375,1,2,폴란드,폴란드,
62,전지적 독자 시점,2025-07-23,2949300,0.00%,10052162560,294,1061075,4,28,한국,한국,롯데컬처웍스(주)롯데엔터테인먼트
63,식사이론,2025-08-20,1168000,0.00%,13950000,292,3486,7,43,한국,한국,롯데컬처웍스(주)롯데시네마
64,프랑켄슈타인 : 더 뮤지컬 라이브,2025-09-18,2790000,0.00%,2790000,279,279,167,1,한국,한국,"(주)위즈온센,메가박스중앙(주)"
65,여왕벌,,520000,0.00%,4815000,260,2390,1,4,미국,미국,
66,드래곤 길들이기,2025-06-06,2254000,0.00%,17956799490,258,1790509,1,3,미국,미국,유니버설픽쳐스인터내셔널 코리아(유)
67,세비야의 이발사,,7441200,0.00%,7441200,254,254,6,22,미국,미국,
68,고독의 오후,,2278500,0.00%,2278500,252,252,2,4,프랑스,"프랑스,포르투갈,스페인",
69,찰리와 초콜릿 공장,2005-09-16,2181000,0.00%,7877299603,236,1287275,18,56,미국,미국,워너브러더스 코리아(주)
70,바다 탐험대 옥토넛 어보브 앤 비욘드 : 콰지의 깜짝 어드벤처,2025-09-27,2079000,0.00%,2079000,231,231,19,1,영국,영국,와이드 릴리즈(주)
71,"부정선거, 신의 작품인가 감독판",,2400000,0.00%,2400000,230,230,1,2,한국,한국,루디아코프
72,드림,2023-04-26,1478000,0.00%,10822870397,210,1128616,1,1,한국,한국,메가박스중앙(주) 플러스엠 엔터테인먼트
73,하이파이브,2025-05-30,1349500,0.00%,17544566020,208,1893494,3,15,한국,한국,(주)넥스트엔터테인먼트월드(NEW)
74,사라고사의 매뉴스크립트,,1469000,0.00%,2931000,203,442,1,2,폴란드,폴란드,
75,날으는 해병대,,378000,0.00%,3450000,189,1442,1,6,미국,미국,
76,영호작전,,370000,0.00%,5778000,185,2884,1,6,미국,미국,
77,피로 지켜낸 대한민국,,1891000,0.00%,1891000,180,180,1,2,한국,한국,주식회사 킨스튜디오
78,제 17회 서울국제건축영화제 묶음 상영 3,,1424000,0.00%,1424000,178,178,1,2,기타,기타,
79,페도르 오제로프의 마지막 노래,,1681400,0.00%,1681400,174,174,5,15,독일,"독일,기타",
80,극장판 도라에몽: 진구의 그림이야기,2025-07-16,1294000,0.00%,961499100,169,109112,5,34,일본,일본,롯데컬처웍스(주)롯데시네마
81,플레이밍 스타,,381000,0.00%,1229000,163,587,1,6,미국,미국,
81,꼬마마법사 주니토니,2025-07-26,1224000,0.00%,511022400,163,58657,3,16,한국,한국,"씨제이 씨지브이(CJ CGV)(주),와이드 릴리즈(주)"
81,챔피언,,492000,0.00%,6711000,163,3275,1,6,미국,미국,
84,망국전쟁 : 뉴라이트의 시작,2025-07-23,1600000,0.00%,17515700,160,1949,1,1,한국,한국,주식회사 한류역사문화티브이
85,마지막 야구경기,,1546000,0.00%,1546000,157,157,5,20,프랑스,"프랑스,미국",
86,아리엘,,1465700,0.00%,1465700,149,149,5,15,스페인,"스페인,포르투갈",
87,슈퍼맨,2025-07-09,1207700,0.00%,8738251810,144,864399,2,4,미국,미국,워너브러더스 코리아(주)
88,인천상륙작전,2016-07-27,2115000,0.00%,55118976303,141,7051866,1,1,한국,한국,(주)씨제이이엔엠
88,하얼빈,2024-12-24,1410000,0.00%,46969671380,141,4913672,1,1,한국,한국,(주)씨제이이엔엠
88,말모이,2019-01-09,1410000,0.00%,23997332520,141,2867463,1,1,한국,한국,롯데컬처웍스(주)롯데엔터테인먼트
91,쇼아,,4668000,0.00%,4668000,134,134,2,8,프랑스,프랑스,
92,극장판 다이노맨: 공룡산의 비밀,2025-07-25,870000,0.00%,63479750,133,9288,3,18,한국,한국,(주)플레이그램
93,룩백,2024-09-05,13000,0.00%,2923663914,130,304065,1,1,일본,일본,메가박스중앙(주)
94,탐정야화,,258000,0.00%,2141000,129,1068,1,4,미국,미국,
95,퍼펙트슛,,1270000,0.00%,2180000,127,309,1,1,한국,한국,
96,첫 번째 키스,2025-02-26,869000,0.00%,417743160,125,52597,15,53,일본,일본,메가박스중앙(주)
96,소주전쟁,2025-05-30,1200000,0.00%,2634961950,125,283215,1,3,한국,한국,(주)쇼박스
96,아기 천사,,1211000,0.00%,1211000,125,125,5,15,캐나다,캐나다,
96,승부,2025-03-26,750000,0.00%,20043690660,125,2146505,1,1,한국,한국,(주)바이포엠스튜디오
100,돈,1950-03-09,372000,0.00%,4082000,123,1744,1,2,한국,한국,
101,아마데우스 오리지널 리마스터링,2025-06-04,317000,0.00%,170904200,122,18532,1,7,미국,미국,와이드 릴리즈(주)
102,아가씨,2016-06-01,1148000,0.00%,35230953891,116,4290021,1,12,한국,한국,(주)씨제이이엔엠
103,"레베렌츠, 어둠의 성역",,920000,0.00%,920000,115,115,1,2,스웨덴,스웨덴,
104,상과 하,,342000,0.00%,10715500,114,5228,1,4,미국,미국,
105,적이 온다,,1100000,0.00%,1100000,112,112,5,15,일본,일본,
105,어쩌다 책을 쓰고야 말았다,,784000,0.00%,784000,112,112,1,1,헝가리,헝가리,
107,갚아야 할 빚이 너무 많다,,1113500,0.00%,1113500,111,111,5,14,미국,미국,
107,"제프리 바와, 장소에 깃든 천재성",,888000,0.00%,888000,111,111,1,1,기타,"기타,미국",
109,뿌까의 짜장면파티,2022-07-04,660000,0.00%,249378500,110,41382,1,3,한국,한국,(주)에픽캔
110,백조의 호수: 파리 오페라 발레단,,3575000,0.00%,86971500,109,2571,6,12,프랑스,프랑스,"(주)위즈온센,씨지브이 아이스콘"
111,스탠 브래키지의 여섯 영화,,1605000,0.00%,1605000,107,107,1,1,한국,한국,
112,명량,2014-07-30,600000,0.00%,1.35764E+11,100,17616561,1,1,한국,한국,(주)씨제이이엔엠
112,7번방의 선물,2013-01-23,600000,0.00%,91438520170,100,12812336,1,1,한국,한국,(주)넥스트엔터테인먼트월드(NEW)
112,백두산,2019-12-19,600000,0.00%,69832288800,100,8253570,1,1,한국,한국,"(주)씨제이이엔엠,(주)덱스터스튜디오"
112,댄싱퀸,2012-01-18,600000,0.00%,30131375500,100,4058325,1,1,한국,한국,(주)씨제이이엔엠
112,조선명탐정: 흡혈괴마의 비밀,2018-02-08,600000,0.00%,19823389764,100,2444236,1,1,한국,한국,(주)쇼박스
117,쥬라기 월드: 새로운 시작,2025-07-02,963000,0.00%,21213752760,99,2225177,2,6,미국,미국,유니버설픽쳐스인터내셔널 코리아(유)
118,프라우드 프린세스: 로열 어드벤처,2025-08-15,945500,0.00%,73945400,98,10243,6,29,체코,체코,(주)스튜디오디에이치엘
119,도주,,874500,0.00%,1782000,94,215,5,14,일본,일본,
119,클리어,,985000,0.00%,985000,94,94,2,12,한국,한국,
119,폐허에서 파쿠르,,919800,0.00%,2023800,94,462,5,15,팔레스타인,"팔레스타인,기타,스웨덴",
119,삼진그룹 영어토익반,2020-10-21,940000,0.00%,13996175870,94,1572907,1,1,한국,한국,롯데컬처웍스(주)롯데엔터테인먼트
123,오! 문희,2020-09-02,1196000,0.00%,2832185600,92,356130,1,1,한국,한국,CGV아트하우스
124,화산 아래,,623000,0.00%,623000,89,89,1,2,폴란드,폴란드,
124,잃어버린전설,,178000,0.00%,7409000,89,3124,1,8,,,
126,소방관,2024-12-04,696000,0.00%,36312165170,87,3858832,1,1,한국,한국,(주)바이포엠스튜디오
127,태극기 휘날리며,2004-02-05,600000,0.00%,15884004200,86,2570806,1,1,한국,한국,"(주)제이앤씨미디어그룹,와이드 릴리즈(주),(주)다자인소프트,(주)쇼박스"
127,올가미,,644000,0.00%,644000,86,86,1,3,폴란드,폴란드,
129,에메랄드,,170000,0.00%,7066000,85,3018,1,8,미국,미국,
129,전주씨네투어 with 폴링인전주 2025 한국단편경쟁 수상작 모음,,802000,0.00%,802000,85,85,4,15,한국,한국,
129,로리 올린의 응시하는 삶,,680000,0.00%,680000,85,85,1,2,미국,미국,
132,암호,,564000,0.00%,564000,82,82,1,2,폴란드,폴란드,
133,릴로 & 스티치,2025-05-21,486000,0.00%,4573680310,81,485086,1,1,미국,미국,월트디즈니컴퍼니코리아 유한책임회사
134,잠자는 숲속의 미녀,,2680000,0.00%,11580000,80,338,7,12,프랑스,프랑스,(주)위즈온센
135,"제17회 스토리업쇼츠 섹션2. 흐르는 시간, 머무는 마음",,790000,0.00%,790000,79,79,1,1,한국,한국,
136,핑크퐁 공룡 유치원,2025-03-08,507000,0.00%,1707000,78,247,1,3,한국,한국,더핑크퐁컴퍼니(주)
136,우당탕탕 운동회,2024-04-03,468000,0.00%,46677500,78,7756,1,1,한국,한국,(주)니즈텔레콤
138,호랑님의 생일날,2024-10-04,450000,0.00%,27727000,75,4597,1,3,한국,한국,(주)니즈텔레콤
138,친숙한 손길,,722100,0.00%,1977100,75,326,5,19,미국,미국,
140,인형,,518000,0.00%,518000,74,74,1,2,폴란드,폴란드,
141,천국은 아직 멀어,,828000,0.00%,25677000,70,2382,5,10,일본,일본,(주)디오시네마
142,제17회 스토리업쇼츠 섹션1. 무중력 청춘,,690000,0.00%,690000,69,69,1,1,한국,한국,
143,나비부인 : 파리 오페라&발레,,2185000,0.00%,2185000,67,67,6,4,프랑스,프랑스,(주)위즈온센
143,낯선 곳을 향해,,653500,0.00%,653500,67,67,5,16,영국,"영국,팔레스타인,프랑스,그리스,네덜란드,독일,카타르,기타",
145,소영의 노력,,660000,0.00%,756000,66,78,1,1,한국,한국,
146,밤의 여로,,474000,0.00%,561000,64,80,1,1,미국,미국,
146,빌리와 용감한 녀석들: 스노우 베어 구조대,2024-11-07,448000,0.00%,248385940,64,33358,1,1,멕시코,멕시코,(주)박수엔터테인먼트
148,제17회 대단한 단편영화제 단편경쟁 2,,496000,0.00%,496000,62,62,1,2,한국,한국,
148,3일의 휴가,2023-12-06,434000,0.00%,4964734917,62,530545,1,5,한국,한국,(주)쇼박스
148,섬뜩함이 피부에 닿는다,,620000,0.00%,21383500,62,2226,6,12,일본,일본,(주)디오시네마
148,제13회 서울국제어린이영화제 지·평·선 단편,,434000,0.00%,434000,62,62,1,1,기타,기타,
152,그라운드 제로로부터,,592500,0.00%,592500,61,61,5,15,프랑스,"프랑스,기타,카타르,팔레스타인,아랍에미리트연합국정부",
152,델마와 루이스,1993-11-27,701600,0.00%,317347600,61,37559,2,3,미국,미국,"씨제이 씨지브이(CJ CGV)(주),(주)드림팩트엔터테인먼트"
154,"부정선거, 신의 작품인가",2025-05-21,585000,0.00%,334215920,59,37008,1,1,한국,한국,루디아코프
154,제17회 대단한 단편영화제 단편경쟁 4,,472000,0.00%,472000,59,59,1,2,한국,한국,
154,스피릿 핑거스! 5화,2025-09-03,413000,0.00%,413000,59,59,2,10,한국,한국,주식회사 넘버쓰리픽쳐스
157,과거와의 이별,,382000,0.00%,382000,58,58,1,2,폴란드,폴란드,
157,제17회 대단한 단편영화제 단편경쟁 5,,464000,0.00%,464000,58,58,1,2,한국,한국,
159,핑크퐁 원더스타 특별편 : 호기와 도둑자동차,,364000,0.00%,2937000,56,434,1,2,한국,한국,
159,제17회 대단한 단편영화제 단편경쟁 7,,448000,0.00%,448000,56,56,1,2,한국,한국,
161,비조이 자인: 조율의 감각,,440000,0.00%,440000,55,55,1,2,프랑스,"프랑스,인도",
162,전주씨네투어 with 폴링인전주 2025 존 스미스 단편 모음,,517000,0.00%,517000,54,54,5,13,영국,영국,
162,제17회 대단한 단편영화제 단편경쟁 3,,432000,0.00%,432000,54,54,1,2,한국,한국,
162,겨울의 빛,,513000,0.00%,513000,54,54,3,14,한국,한국,
165,제 17회 서울국제건축영화제 묶음 상영 1,,424000,0.00%,424000,53,53,1,2,기타,기타,
166,야당: 익스텐디드 컷,2025-08-06,461000,0.00%,244877020,52,27302,4,19,한국,한국,메가박스중앙(주) 플러스엠 엔터테인먼트
167,시인의 마음,,499600,0.00%,499600,51,51,5,15,중국,"중국,미국,프랑스,대만",
168,물 위의 누각 - 일본 전통 미학을 따라서,,400000,0.00%,400000,50,50,1,1,이탈리아,"이탈리아,네덜란드,영국",
168,아무렇지 않은 얼굴,,604000,0.00%,20705000,50,1889,3,5,일본,일본,(주)디오시네마
170,호루몽,,424000,0.00%,594000,48,82,2,5,한국,"한국,일본",
170,쿵쿵따 탐험대,2024-06-26,288000,0.00%,30245000,48,4995,1,2,한국,한국,(주)니즈텔레콤
172,볼프스부르크,,470000,0.00%,4230500,47,469,1,2,독일,독일,
172,카모메 식당,2007-08-02,522500,0.00%,49323400,47,7137,10,7,일본,일본,"(주)엔케이컨텐츠,스폰지"
172,라라랜드,2016-12-07,317000,0.00%,31477971978,47,3800633,1,5,미국,미국,판씨네마(주)
175,브레이킹 더 웨이브,1996-12-07,420000,0.00%,13729860,46,1404,1,2,덴마크,"덴마크,아이슬란드,프랑스,노르웨이,스웨덴",(주)엣나인필름
176,유령,,450000,0.00%,4019000,45,414,1,2,독일,독일,
176,스피릿 핑거스! 6화,2025-09-03,315000,0.00%,315000,45,45,2,10,한국,한국,주식회사 넘버쓰리픽쳐스
176,제17회 대단한 단편영화제 단편스페셜 1,,360000,0.00%,360000,45,45,1,1,한국,한국,
176,금,,316000,0.00%,316000,45,45,1,2,폴란드,폴란드,
180,여름의 카메라,,421000,0.00%,2462000,44,288,2,5,한국,한국,
180,미키 17,2025-02-28,396000,0.00%,29709170100,44,3013854,1,1,미국,미국,워너브러더스 코리아(주)
180,훔친 키스,,399000,0.00%,4187000,44,608,1,2,프랑스,프랑스,
183,앙투안과 콜레트,,210000,0.00%,411000,42,123,1,2,,,
183,제17회 대단한 단편영화제 단편경쟁 6,,336000,0.00%,336000,42,42,1,2,한국,한국,
183,계절 산문: 조현철 배우전,,380000,0.00%,380000,42,42,1,1,한국,한국,
186,와일드 인 더 컨츄리,,82000,0.00%,4617000,41,2281,1,3,,,
186,제13회 서울국제어린이영화제 국제애니메이션경쟁2,,287000,0.00%,287000,41,41,1,1,기타,기타,
186,죄인의 회고록,,274000,0.00%,274000,41,41,1,1,폴란드,폴란드,
189,"LOT-EK, 변용의 미학",,320000,0.00%,320000,40,40,1,1,미국,미국,
189,노이즈,2025-06-25,372300,0.00%,16759167410,40,1707666,4,17,한국,한국,(주)바이포엠스튜디오
189,로보카폴리 안전교실 교통편,2022-09-19,200000,0.00%,70277000,40,11744,1,1,한국,한국,(주)로이비쥬얼
189,에디 앨리스: 리버스,,399000,0.00%,3660000,40,352,1,1,한국,한국,
193,"그래도, 사랑해.",,381000,0.00%,381000,39,39,2,12,한국,한국,
193,버터필드 8,,78000,0.00%,12868000,39,5873,1,4,미국,미국,
193,백치들,2000-05-20,352000,0.00%,24422080,39,2343,1,1,덴마크,덴마크,(주)엣나인필름
196,빼꼼: 미션 투 마스,2024-06-01,266000,0.00%,155553750,38,21067,1,1,중국,중국,(주)박수엔터테인먼트
196,사랑의 도피,,341000,0.00%,4486000,38,698,1,2,프랑스,프랑스,
198,제 17회 서울국제건축영화제 묶음 상영 6,,296000,0.00%,296000,37,37,1,1,한국,한국,
199,발타자르 코버의 특별한 여정,,249000,0.00%,249000,36,36,1,1,폴란드,폴란드,
199,제17회 대단한 단편영화제 단편경쟁 1,,288000,0.00%,288000,36,36,1,2,한국,한국,
201,애틀랜틱스,,249000,0.00%,249000,35,35,1,1,프랑스,"프랑스,기타,벨기에",
202,제 17회 서울국제건축영화제 묶음 상영 7,,264000,0.00%,264000,33,33,1,1,기타,기타,
203,제42회 부산국제단편영화제 순회상영회 '찾아가는 부산국제단편영화제'국내수상작,,276000,0.00%,552000,32,68,2,4,한국,한국,
203,공유실,,198000,0.00%,198000,32,32,1,1,폴란드,폴란드,
203,올림픽 하프타임,,256000,0.00%,256000,32,32,1,2,체코,"체코,슬로바키아",
206,콘크리트 녹색섬,,240000,0.00%,3083000,30,354,1,1,한국,한국,(주)영화사 진진
206,마더테레사 앤드 미,2025-09-04,259500,0.00%,259500,30,30,11,17,스위스,"스위스,영국,인도",(주)빅브라더스
206,움직이는 회관,,240000,0.00%,240000,30,30,1,1,한국,한국,
206,기동전사 건담 역습의 샤아,2025-05-07,210000,0.00%,213544900,30,22203,1,1,일본,일본,(주)미디어캐슬
210,죠스,1978-04-22,262000,0.00%,99514300,27,11064,1,2,미국,미국,롯데컬처웍스(주)롯데시네마
210,텔마의 완벽한 생일,,189000,0.00%,189000,27,27,1,2,기타,기타,
210,제 17회 서울국제건축영화제 묶음 상영 4,,216000,0.00%,216000,27,27,1,1,기타,기타,
210,미션 임파서블: 파이널 레코닝,2025-05-17,294000,0.00%,33259862900,27,3392545,3,10,미국,미국,롯데컬처웍스(주)롯데엔터테인먼트
210,시민덕희,2024-01-24,143000,0.00%,16183361097,27,1716407,4,3,한국,한국,(주)쇼박스
215,제13회 서울국제어린이영화제 국제단편경쟁4,,182000,0.00%,182000,26,26,1,1,기타,기타,
215,생토메르,,258000,0.00%,1189000,26,107,1,3,프랑스,프랑스,
217,"아다 - 내 어머니의 건축, 그리고 인생",,200000,0.00%,200000,25,25,1,1,미국,"미국,이스라엘",
217,내가 가진 것은 아무것도 없었다,,200300,0.00%,200300,25,25,2,7,프랑스,프랑스,
217,사랑받는 방법,,157000,0.00%,345000,25,54,1,1,폴란드,폴란드,
217,작별,,165000,0.00%,165000,25,25,2,1,폴란드,폴란드,
221,영원히 그대를 사랑해,,240000,0.00%,19053500,24,2002,3,5,일본,일본,(주)디오시네마
221,극장판 프로젝트 세카이 부서진 세카이와 전해지지 않는 미쿠의 노래,2025-05-29,247500,0.00%,833776210,24,88025,1,1,일본,일본,(주)애니플러스
221,평범한 이야기,,160000,0.00%,160000,24,24,1,1,폴란드,폴란드,
221,라이언 일병 구하기,1998-09-12,144000,0.00%,272119530,24,31977,1,1,미국,미국,와이드 릴리즈(주)
225,작가,,143000,0.00%,143000,23,23,1,1,폴란드,폴란드,
225,십계 1편 : 나 이외의 다른 신을 섬기지 말라,,207000,0.00%,4474500,23,915,1,1,폴란드,폴란드,
227,제13회 서울국제어린이영화제 국제단편경쟁5,,154000,0.00%,154000,22,22,1,1,기타,기타,
227,십계 2편 : 하느님의 이름을 망령되이 일컫지 말라,,198000,0.00%,3465500,22,779,1,1,폴란드,폴란드,
229,제13회 서울국제어린이영화제 국제애니메이션경쟁1,,147000,0.00%,147000,21,21,1,1,기타,기타,
230,괴기열차,2025-07-09,140000,0.00%,983800450,20,105990,1,4,한국,한국,(주)넥스트엔터테인먼트월드(NEW)
230,저항의 기록,,197000,0.00%,197000,20,20,4,10,포르투갈,"포르투갈,스페인",
232,청춘 스케치,,178000,0.00%,21848000,19,2126,1,1,미국,미국,
232,가끔은 여정이 아름답기도 하다,,93000,0.00%,93000,19,19,1,2,한국,한국,
232,제 17회 서울국제건축영화제 묶음 상영 2,,152000,0.00%,152000,19,19,1,1,기타,기타,
232,제17회 대단한 단편영화제 전년도 수상작,,152000,0.00%,152000,19,19,1,1,한국,한국,
232,내일을 향한 첫걸음: 우크라이나 재건설,,152000,0.00%,152000,19,19,1,1,영국,영국,
232,푸틴에 반대하는 모든 사람,,95000,0.00%,95000,19,19,1,1,덴마크,"덴마크,체코",
238,제13회 서울국제어린이영화제 국제단편경쟁3,,126000,0.00%,126000,18,18,1,1,기타,기타,
238,제13회 서울국제어린이영화제 국제어린이감독경쟁,,126000,0.00%,126000,18,18,1,1,기타,기타,
238,사랑의 하츄핑,2024-08-07,126000,0.00%,11136452712,18,1243645,1,4,한국,한국,(주)쇼박스
241,캐리어를 끄는 소녀,,119000,0.00%,119000,17,17,1,2,한국,한국,
242,화성은 빨간색이 아니야,,112000,0.00%,112000,16,16,1,1,독일,독일,
242,님포매니악 감독판 볼륨1,,192000,0.00%,15827060,16,1485,1,1,덴마크,덴마크,(주)엣나인필름
242,제13회 서울국제어린이영화제 국제단편경쟁1,,110000,0.00%,110000,16,16,1,1,기타,기타,
245,디어 투모로우,,75000,0.00%,75000,15,15,1,1,덴마크,"덴마크,스웨덴,일본",
246,댓글부대,2024-03-27,86000,0.00%,9240655711,14,973035,1,4,한국,한국,(주)에이스메이커무비웍스
246,제13회 서울국제어린이영화제 국제단편경쟁2,,98000,0.00%,98000,14,14,1,1,기타,기타,
248,BIAF2025 기획상영 오늘봄,,111000,0.00%,111000,13,13,1,2,한국,한국,
248,십계 3편 : 안식일을 지키라,,109000,0.00%,3614750,13,782,1,1,폴란드,폴란드,
248,누볼라,,104000,0.00%,104000,13,13,1,1,이탈리아,이탈리아,
251,여우와 토끼: 숲을 구하라,,84000,0.00%,84000,12,12,1,1,네덜란드,"네덜란드,벨기에,룩셈부르크",
251,제17회 대단한 단편영화제 단편스페셜 2,,96000,0.00%,96000,12,12,1,1,한국,한국,
253,제42회 부산국제단편영화제 순회상영회 '찾아가는 부산국제단편영화제'해외수상작,,88000,0.00%,527000,11,79,2,3,기타,기타,
253,밤비: 숲 속 생명의 이야기,,77000,0.00%,77000,11,11,1,1,프랑스,프랑스,
253,나를 모르는 그녀의 세계에서,2025-05-22,94000,0.00%,253492600,11,27962,4,5,일본,일본,"와이드 릴리즈(주),(주)키다리스튜디오"
253,파과,2025-04-30,75000,0.00%,5262748000,11,550585,1,7,한국,한국,(주)넥스트엔터테인먼트월드(NEW)
253,차이나타운 투쟁기,,88000,0.00%,88000,11,11,1,1,캐나다,캐나다,
258,변태 여교수의 진짜 성욕,,50000,0.00%,50000,10,10,1,1,한국,한국,
258,의식,,100000,0.00%,10971500,10,1545,1,1,프랑스,"프랑스,독일",해피송
258,모든 것을 담은 책,,70000,0.00%,70000,10,10,1,1,네덜란드,네덜란드,
258,제13회 서울국제어린이영화제 어른들을 부탁해 단편,,70000,0.00%,70000,10,10,1,1,기타,기타,
262,내일은 용기를 낼 거야,,63000,0.00%,63000,9,9,1,1,독일,독일,
262,이란희 감독 단편선,,61000,0.00%,103000,9,15,1,1,한국,한국,
262,제 17회 서울국제건축영화제 묶음 상영 5,,72000,0.00%,72000,9,9,1,1,기타,기타,
262,우리는 프리스비 시민,,63000,0.00%,63000,9,9,1,1,미국,미국,
266,제13회 서울국제어린이영화제 국제단편경쟁6,,56000,0.00%,56000,8,8,1,1,기타,기타,
266,스피릿 핑거스! 3화,2025-08-27,56000,0.00%,525000,8,75,2,3,한국,한국,주식회사 넘버쓰리픽쳐스
266,바위를 부수고,,40000,0.00%,40000,8,8,1,1,미국,"미국,이란,독일,네덜란드,카타르,칠레,캐나다",
266,어둠이 끝날 무렵,,64000,0.00%,307000,8,57,1,1,중국,"중국,미국",
266,중국몽,,64000,0.00%,64000,8,8,1,1,미국,미국,
266,신경쇠약 직전의 여자,1991-06-22,80000,0.00%,4156000,8,457,1,1,스페인,스페인,"해피송,(주)홈초이스"
266,스피릿 핑거스! 4화,2025-08-27,56000,0.00%,483000,8,69,2,3,한국,한국,주식회사 넘버쓰리픽쳐스
273,엠마의 꿈,,49000,0.00%,49000,7,7,1,2,아르헨티나,아르헨티나,
273,메이드 인 에티오피아,,56000,0.00%,56000,7,7,1,1,미국,"미국,기타,덴마크,한국",
273,상처받은 땅에 관한 이야기들,,35000,0.00%,35000,7,7,1,1,기타,기타,
273,사진의 얼굴,,35000,0.00%,35000,7,7,1,1,한국,한국,
273,에티앤의 정원,,35000,0.00%,35000,7,7,1,1,한국,한국,
273,파묘,2024-02-22,49000,0.00%,1.15158E+11,7,11914791,1,3,한국,한국,(주)쇼박스
273,더 폴: 디렉터스 컷,2024-12-25,73000,0.00%,1932787300,7,187340,1,2,영국,영국,오드
273,더 트랙: 사라예보의 루지 선수들,,31000,0.00%,31000,7,7,2,2,캐나다,"캐나다,보스니아",
281,지옥,2010-12-14,60000,0.00%,5405000,6,778,1,1,프랑스,프랑스,해피송
282,인디스데이 8월 단편,,36000,0.00%,181000,5,26,1,2,한국,한국,
282,아이돌 승하의 수치심 연구,2025-09-12,25000,0.00%,25000,5,5,5,5,한국,한국,(주)영진크리에이티브
282,사기,,50000,0.00%,3179000,5,456,1,1,프랑스,"프랑스,스위스",해피송
282,방방과 플라나리아,,25000,0.00%,25000,5,5,1,1,한국,한국,
282,"분리, 찢겨진 가족",,25000,0.00%,25000,5,5,1,1,미국,미국,
287,하이힐,1992-06-20,40000,0.00%,2715100,4,331,1,1,스페인,스페인,"해피송,(주)홈초이스"
288,스피크.,,21000,0.00%,21000,3,3,1,1,미국,미국,
288,인생 세탁소,,21000,0.00%,1507000,3,198,1,1,한국,한국,
288,초콜렛 고마워,,30000,0.00%,5781000,3,801,1,1,프랑스,"프랑스,스위스",해피송
288,육각의 동굴과 미궁 속의 생쥐,,12000,0.00%,12000,3,3,1,1,영국,영국,
292,견디는 삶,,16000,0.00%,16000,2,2,1,1,기타,"기타,중국",
292,폭스 헌트,2025-08-13,16000,0.00%,10855200,2,1148,1,1,홍콩,홍콩,"(주)다자인소프트,(주)제이앤씨미디어그룹"
292,타짜,2006-09-28,14000,0.00%,36259520300,2,5692236,1,1,한국,한국,씨제이엔터테인먼트
292,청춘쌍곡선,1956-04-10,4000,0.00%,3134000,2,1567,1,2,한국,한국,
296,첫경험은 새엄마 시노짱,,1000,0.00%,1000,1,1,1,1,일본,일본,
296,밀회 : 볼륨있고 매력적인 유부녀,,6000,0.00%,6000,1,1,1,1,일본,일본,(주)영화사 사계절
296,맛 좋은 과부-상복 입고 AV 체험,2025-09-03,6000,0.00%,6000,1,1,1,1,일본,일본,(주)영진크리에이티브
296,4인용 텐트-유부녀1 남자3 무삭제판,2025-09-03,6000,0.00%,6000,1,1,1,1,일본,일본,(주)영진크리에이티브
296,결혼 앞둔 예비신부 전 남친 맛에 떡실신,2025-09-04,6000,0.00%,6000,1,1,1,1,일본,일본,(주)영진크리에이티브
296,남편 대신 아들과 물빼는 새엄마,2025-09-04,6000,0.00%,6000,1,1,1,1,일본,일본,(주)영진크리에이티브
296,AV배우 출신 여자친구의 오르가즘,2025-09-05,6000,0.00%,6000,1,1,1,1,일본,일본,(주)영진크리에이티브
296,상복 입은 젊은 미녀 과부들의 하룻밤,2025-09-05,6000,0.00%,6000,1,1,1,1,일본,일본,(주)영진크리에이티브
296,미녀 새엄마를 맛 보는 아들,2025-09-05,6000,0.00%,6000,1,1,1,1,일본,일본,(주)영진크리에이티브
296,부드럽게 넣어도 잘 싸는 아이카,2025-09-03,6000,0.00%,6000,1,1,1,1,일본,일본,(주)영진크리에이티브
296,온천에서 외간남자와 물빼는 유부녀,2025-09-04,6000,0.00%,6000,1,1,1,1,일본,일본,(주)영진크리에이티브
296,쉬운엄마-양아들 맛에 신들린 골반 무삭제판,2025-09-04,6000,0.00%,6000,1,1,1,1,일본,일본,(주)영진크리에이티브
296,폭포수처럼 흐르는 AV스타 레이코의 섹스,2025-09-05,6000,0.00%,6000,1,1,1,1,일본,일본,(주)영진크리에이티브
296,새엄마 물 맛-너무 맛있어요 새엄마 무삭제판,2025-09-06,6000,0.00%,6000,1,1,1,1,일본,일본,(주)영진크리에이티브
296,음탕한 육덕 여동생,2025-09-10,6000,0.00%,6000,1,1,1,1,한국,한국,(주)샤이커뮤니케이션즈
296,뭐든지 다 해준다는 여 후배,2025-09-11,6000,0.00%,6000,1,1,1,1,한국,한국,(주)샤이커뮤니케이션즈
296,여사친의 천박한 욕정,2025-09-11,6000,0.00%,6000,1,1,1,1,한국,한국,(주)샤이커뮤니케이션즈
296,재수생인 내가 새엄마와 바람난 이유,,1000,0.00%,1000,1,1,1,1,일본,일본,
296,가질수 없다면 어쩌겠어 몰래 해야지라는 친구엄마,,1000,0.00%,1000,1,1,1,1,일본,일본,
296,나이 많은 유부녀들의 영계 시식,2025-09-10,6000,0.00%,6000,1,1,1,1,한국,한국,(주)샤이커뮤니케이션즈
296,클럽에서 꼬신 동네 아줌마,2025-09-12,6000,0.00%,6000,1,1,1,1,한국,한국,(주)샤이커뮤니케이션즈
296,섹스하고 싶어 미칠 것 같아요,2025-09-12,6000,0.00%,6000,1,1,1,1,한국,한국,(주)샤이커뮤니케이션즈
296,성질머리 대박인 처형과 하룻밤,,1000,0.00%,1000,1,1,1,1,일본,일본,
296,딸남친을 너무 가지고 싶어서 미치겠어,,1000,0.00%,1000,1,1,1,1,일본,일본,
296,엄마친구와 섹스가 맛있어지는 마법,,1000,0.00%,1000,1,1,1,1,일본,일본,
296,남자직원의 대물 맛에 길들여진 여직원,,6000,0.00%,6000,1,1,1,1,일본,일본,(주)영화사 사계절
296,업소녀들 : 스페셜 서비스,,6000,0.00%,6000,1,1,1,1,한국,한국,
296,매춘 2025,,6000,0.00%,6000,1,1,1,1,한국,한국,
296,아말 선생님,,7000,0.00%,7000,1,1,1,1,벨기에,벨기에,
296,벗겨진 소꿉친구,,6000,0.00%,6000,1,1,1,1,일본,일본,(주)코빈커뮤니케이션즈
296,압도적인 친구 엄마,,6000,0.00%,6000,1,1,1,1,일본,일본,(주)코빈커뮤니케이션즈
296,의붓 여동생과의 음란한 추억,,6000,0.00%,6000,1,1,1,1,일본,일본,
296,음탕하게 젖은 알바생의 엉덩이,,6000,0.00%,6000,1,1,1,1,일본,일본,
296,남눈치가 뭐가 중요하냐며 사귄 연상유부녀,,1000,0.00%,1000,1,1,1,1,일본,일본,
296,남편을 위해 이뻐지려고 마사지 갔다가 천국여행,,1000,0.00%,1000,1,1,1,1,일본,일본,
296,숙모의 진한 속옷냄새가 나를 자극해,,1000,0.00%,1000,1,1,1,1,일본,일본,
296,간호사가 풀어준 성욕해소,,1000,0.00%,1000,1,1,1,1,일본,일본,
296,새엄마가 자지러진 거품 소프랜드,,1000,0.00%,1000,1,1,1,1,일본,일본,(주)도키엔터테인먼트
296,계약후 들이대라는 보험설계사,,1000,0.00%,1000,1,1,1,1,일본,일본,
296,남편을 위해 마네킹으로 출하된 아내,,1000,0.00%,1000,1,1,1,1,일본,일본,(주)도키엔터테인먼트
296,새엄마는 음란치녀 유우리짱 38세,,1000,0.00%,1000,1,1,1,1,일본,일본,(주)도키엔터테인먼트
296,혼자 떠나는 치녀의 동정 사냥 무삭제판,,6000,0.00%,6000,1,1,1,1,일본,일본,
296,여상사를 울려버린 동정남,,10000,0.00%,10000,1,1,1,1,일본,일본,
296,부하직원을 위에서 잡아먹는 여상사,,6000,0.00%,6000,1,1,1,1,일본,일본,
296,여상사를 만족시킬 때까지 봉사하는 부하직원,,6000,0.00%,6000,1,1,1,1,일본,일본,
296,전남친에게 속아 밤새 조교 당한 여자,,6000,0.00%,6000,1,1,1,1,일본,일본,
296,시아버지에게 중독된 엉덩이 무삭제,,6000,0.00%,6000,1,1,1,1,일본,일본,
296,남편의 상사를 사정관리 하는 아내 무삭제판,,6000,0.00%,6000,1,1,1,1,일본,일본,
296,애인대행으로 만난 유부녀와 첫경험 무삭제판,,6000,0.00%,6000,1,1,1,1,일본,일본,
296,깊은 삽입에 녹는 엉덩이,,6000,0.00%,6000,1,1,1,1,일본,일본,
296,예쁜 여상사?치마 속?길들이기,,6000,0.00%,6000,1,1,1,1,일본,일본,
296,새엄마에게 배운 첫키스와 섹스,,1000,0.00%,1000,1,1,1,1,일본,일본,
296,엄마친구가 나와 하고싶어서 한 행동,,1000,0.00%,1000,1,1,1,1,일본,일본,
296,순박한 시골 처녀 마을 아저씨들 밤시중,,6000,0.00%,6000,1,1,1,1,일본,일본,
296,꿈에 그리던 여사원의 음탕한 향기,,6000,0.00%,6000,1,1,1,1,일본,일본,
296,"맛있는 엄마들 : 새엄마, 친구엄마, 엄마친구",,6000,0.00%,6000,1,1,1,1,한국,한국,(주)영화사가을
296,새엄마의 맛,2025-09-01,1000,0.00%,1000,1,1,1,1,한국,한국,유한회사 스튜디오루나
296,그날 처제는 맛있었다,,6000,0.00%,6000,1,1,1,1,한국,한국,(주)영화사가을
296,"이러면 안돼요 : 처제, 형수, 큰엄마 그리고",,6000,0.00%,6000,1,1,1,1,한국,한국,(주)영화사가을
296,처제의 떡정,2025-09-01,1000,0.00%,1000,1,1,1,1,한국,한국,(주)까멜리아이엔티
296,재벌집 여비서-고자아들을 부탁해 무삭제판,2025-09-12,6000,0.00%,6000,1,1,1,1,한국,한국,(주)영진크리에이티브
296,혼자 즐기는 장모 안타까워 넣어준 사위,2025-09-03,6000,0.00%,6000,1,1,1,1,일본,일본,(주)영진크리에이티브
358,빅토리,2024-08-14,0,0.00%,4546643767,0,508467,1,1,한국,한국,(주)마인드마크
358,깁,,0,0.00%,0,0,0,1,1,한국,한국,
358,지역의 기억 - 단편,,0,0.00%,0,0,0,1,1,한국,한국,
358,타미플루,,0,0.00%,0,0,0,1,1,한국,한국,
합계,,,35595478780,,1.54522E+12,3437185,181893205,11447,215116,,,
